,cluster,lsat,ugpa,zfygpa,zgpa,bar1,fulltime,fam_inc,age,gender,race1,race2,race3,race4,race5,race6,race7,race8
count,1823.0,1823.0,1823.0,1823.0,1823.0,1823.0,1823.0,1823.0,1823.0,1823.0,1823.0,1823.0,1823.0,1823.0,1823.0,1823.0,1823.0,1823.0
mean,2.775095995611629,34.860230389467915,3.1298409215578684,-0.2790400438837083,-0.40489851892484896,0.5233132199670872,1.0938014262205156,3.367526055951728,-58.69391113549095,0.45200219418540866,0.007131102578167855,0.04827207899067471,0.11354909489851893,0.023587493143170598,0.012068019747668678,0.03455842018650576,0.7476686780032913,0.013165112452002194
std,1.3429061818617616,5.933764791522988,0.44225041574148866,0.9619506629648339,1.0291740414470063,0.4995932418757046,0.29163225504456103,0.8999809555590746,5.698479509760763,0.4978274380377553,0.08416730915926111,0.21439939474232034,0.31734987406081916,0.15180172556005297,0.10921962376788986,0.18270864128599798,0.4344695289826894,0.11401281848020411
min,1.0,15.0,1.8,-3.3,-3.21,0.0,1.0,1.0,-68.0,0.0,0.0,0.0,0.0,0.0,0.0,0.0,0.0,0.0
25%,1.0,31.0,2.8,-0.97,-1.2,0.0,1.0,3.0,-62.0,0.0,0.0,0.0,0.0,0.0,0.0,0.0,0.0,0.0
50%,3.0,35.0,3.2,-0.34,-0.5,1.0,1.0,3.0,-61.0,0.0,0.0,0.0,0.0,0.0,0.0,0.0,1.0,0.0
75%,4.0,39.0,3.5,0.39,0.32,1.0,1.0,4.0,-57.0,1.0,0.0,0.0,0.0,0.0,0.0,0.0,1.0,0.0
max,6.0,48.0,4.0,2.71,2.87,1.0,2.0,5.0,-21.0,1.0,1.0,1.0,1.0,1.0,1.0,1.0,1.0,1.0
